<?xml version="1.0" encoding="UTF-8" standalone="no"?>
<feature id="org.wso2.appmanager.styles" label="WSO2 API Manager - Styles Features" provider-name="%providerName" version="1.0.0">
  <description>Features specific to the WSO2 API Manager</description>
  <copyright>%copyright</copyright>
  <license url="%licenseURL">%license</license>
  <plugin id="org.wso2.appmanager.styles" unpack="false" version="1.0.0"/>
  <require>
    <import feature="org.wso2.carbon.core.ui" match="equivalent" version="4.2.0"/>
  </require>
</feature>
